{
    "q_liq": [
        0,
        10,
        20,
        30,
        40,
        50,
        60,
        70,
        80,
        90,
        100,
        110,
        120,
        130,
        140,
        150,
        160,
        170,
        180,
        190,
        200,
        210,
        220,
        230,
        240,
        250,
        260,
        270,
        280,
        290,
        300,
        310,
        320,
        330,
        340,
        350,
        360,
        370,
        380,
        390
    ],
    "p_wf": [
        402.30701221081927,
        402.3048821805292,
        402.29758917727804,
        402.28788046414445,
        402.2751681487654,
        402.2595404924085,
        402.2410536507068,
        402.219746070827,
        402.1956456039496,
        402.16877326110705,
        402.1391453898938,
        402.10677502387176,
        402.0716727631394,
        402.0338473727452,
        401.9933062029933,
        401.9500554928625,
        401.9041005941918,
        401.8554461406573,
        401.80409617736944,
        401.7500542617928,
        401.69332354339764,
        401.6339068272948,
        401.57180662562854,
        401.5070251994899,
        401.43956459340956,
        401.3694266639692,
        401.2966131037268,
        401.2211254613442,
        401.14296515864675,
        401.06213350515173,
        400.9786317105217,
        400.8924608952935,
        400.8036221001548,
        400.7121162940167,
        400.6179443810579,
        400.52110720689916,
        400.42160556403815,
        400.31944019664735,
        400.21461180482464,
        400.1071210483708
    ]
}
